frame,Ankle.R_x,Ankle.R_y,Ankle.R_z,Knee.R_x,Knee.R_y,Knee.R_z,Hip.R_x,Hip.R_y,Hip.R_z,Hip.L_x,Hip.L_y,Hip.L_z,Knee.L_x,Knee.L_y,Knee.L_z,Ankle.L_x,Ankle.L_y,Ankle.L_z,Wrist.R_x,Wrist.R_y,Wrist.R_z,Elbow.R_x,Elbow.R_y,Elbow.R_z,Shoulder.R_x,Shoulder.R_y,Shoulder.R_z,Shoulder.L_x,Shoulder.L_y,Shoulder.L_z,Elbow.L_x,Elbow.L_y,Elbow.L_z,Wrist.L_x,Wrist.L_y,Wrist.L_z,Neck_x,Neck_y,Neck_z,Head_x,Head_y,Head_z,Nose_x,Nose_y,Nose_z,Eye.L_x,Eye.L_y,Eye.L_z,Eye.R_x,Eye.R_y,Eye.R_z,Ear.L_x,Ear.L_y,Ear.L_z,Ear.R_x,Ear.R_y,Ear.R_z,hip.Center_x,hip.Center_y,hip.Center_z
0,-0.0022289092,-0.017079683,0.075415365,0.29797918,0.23518337,0.24843556,-0.0804237,0.2484807,0.10138453,0.008156418,0.2887632,-0.1665598,0.36254746,0.33885688,-0.027754955,0.093386166,0.03904619,-0.17895345,0.08354744,0.0522951,0.27996817,-0.009824949,0.31671152,0.33298957,0.13892488,0.57237214,0.2384184,0.24074468,0.649293,-0.056569874,0.3556549,0.5462314,-0.3131452,0.5486227,0.4777347,-0.1273261,0.22744575,0.65601754,0.10388464,0.3445867,0.8393291,0.1334588,0.42149612,0.712448,0.066709295,0.39119622,0.7692089,0.055407465,0.41489434,0.7497768,0.11860657,0.28739315,0.7924582,0.057031672,0.33692682,0.74959254,0.20049308,-0.03613363951444626,0.26862195134162903,-0.03258763626217842
